"n","k_babylon","m1","m2","babylon_log10_error","nested_log10_error","deviation"
2,1,1,0,"-5.2213203261797599029528289635138628390245317740041357722830330120624955657281056745988695642013","0.e-99","5.2213203261797599029528289635138628390245317740041357722830330120624955657281056745988695642013"
2,1,1,1,"-5.2213203261797599029528289635138628390245317740041357722830330120624955657281056745988695642013","-3.69019608002851366142443251718527238696714479264793081300726990743650687980415833213222305569498","1.5311242461512462415283964463285904520573869813562049592757631046259886859239473424666465085063"
2,1,1,2,"-5.2213203261797599029528289635138628390245317740041357722830330120624955657281056745988695642013","-26.656759357334198053355549057411648804899489700635215359533414599427068347","21.435439031154438150402720093897785965874957926631079587250381587364572781"
2,1,1,3,"-5.2213203261797599029528289635138628390245317740041357722830330120624955657281056745988695642013","-DirectedInfinity-","-DirectedInfinity-"
2,1,1,4,"-5.2213203261797599029528289635138628390245317740041357722830330120624955657281056745988695642013","-DirectedInfinity-","-DirectedInfinity-"
2,1,1,5,"-5.2213203261797599029528289635138628390245317740041357722830330120624955657281056745988695642013","-DirectedInfinity-","-DirectedInfinity-"
2,1,2,0,"-5.2213203261797599029528289635138628390245317740041357722830330120624955657281056745988695642013","0.e-99","5.2213203261797599029528289635138628390245317740041357722830330120624955657281056745988695642013"
2,1,2,1,"-5.2213203261797599029528289635138628390245317740041357722830330120624955657281056745988695642013","-5.2213203261797599029528289635138628390245317740041357722830330120624955657281056745988695642013","0.e-93"
2,1,2,2,"-5.2213203261797599029528289635138628390245317740041357722830330120624955657281056745988695642013","-48.092197736254530439241922412403303414251893550118329","42.870877410074770536289093448889440575227361776114193"
2,1,2,3,"-5.2213203261797599029528289635138628390245317740041357722830330120624955657281056745988695642013","-DirectedInfinity-","-DirectedInfinity-"
2,1,2,4,"-5.2213203261797599029528289635138628390245317740041357722830330120624955657281056745988695642013","-DirectedInfinity-","-DirectedInfinity-"
2,1,2,5,"-5.2213203261797599029528289635138628390245317740041357722830330120624955657281056745988695642013","-DirectedInfinity-","-DirectedInfinity-"
2,1,3,0,"-5.2213203261797599029528289635138628390245317740041357722830330120624955657281056745988695642013","0.e-99","5.2213203261797599029528289635138628390245317740041357722830330120624955657281056745988695642013"
2,1,3,1,"-5.2213203261797599029528289635138628390245317740041357722830330120624955657281056745988695642013","-6.75242370056534555411199501532385763510599586636589894276636222931841358131349648824808262124","1.53110337438558565115916605180999479608146409236176317048332921725591801558539081364921305704"
2,1,3,2,"-5.2213203261797599029528289635138628390245317740041357722830330120624955657281056745988695642013","-75.65204708058067207823869","70.43072675440091217528586"
2,1,3,3,"-5.2213203261797599029528289635138628390245317740041357722830330120624955657281056745988695642013","-DirectedInfinity-","-DirectedInfinity-"
2,1,3,4,"-5.2213203261797599029528289635138628390245317740041357722830330120624955657281056745988695642013","-DirectedInfinity-","-DirectedInfinity-"
2,1,3,5,"-5.2213203261797599029528289635138628390245317740041357722830330120624955657281056745988695642013","-DirectedInfinity-","-DirectedInfinity-"
2,2,1,0,"-11.3457319438191851503579740880905921962309007989445100684052776990167330920482782010627285","0.e-99","11.3457319438191851503579740880905921962309007989445100684052776990167330920482782010627285"
2,2,1,1,"-11.3457319438191851503579740880905921962309007989445100684052776990167330920482782010627285","-3.69019608002851366142443251718527238696714479264793081300726990743650687980415833213222305569498","7.6555358637906714889335415709053198092637560062965792553980077915802262122441198689305055"
2,2,1,2,"-11.3457319438191851503579740880905921962309007989445100684052776990167330920482782010627285","-26.656759357334198053355549057411648804899489700635215359533414599427068347","15.311027413515012902997574969321056608668588901690705291128136900410335255"
2,2,1,3,"-11.3457319438191851503579740880905921962309007989445100684052776990167330920482782010627285","-DirectedInfinity-","-DirectedInfinity-"
2,2,1,4,"-11.3457319438191851503579740880905921962309007989445100684052776990167330920482782010627285","-DirectedInfinity-","-DirectedInfinity-"
2,2,1,5,"-11.3457319438191851503579740880905921962309007989445100684052776990167330920482782010627285","-DirectedInfinity-","-DirectedInfinity-"
2,2,2,0,"-11.3457319438191851503579740880905921962309007989445100684052776990167330920482782010627285","0.e-99","11.3457319438191851503579740880905921962309007989445100684052776990167330920482782010627285"
2,2,2,1,"-11.3457319438191851503579740880905921962309007989445100684052776990167330920482782010627285","-5.2213203261797599029528289635138628390245317740041357722830330120624955657281056745988695642013","6.124411617639425247405145124576729357206369024940374296122244686954237526320172526463859"
2,2,2,2,"-11.3457319438191851503579740880905921962309007989445100684052776990167330920482782010627285","-48.092197736254530439241922412403303414251893550118329","36.746465792435345288883948324312711218020992751173819"
2,2,2,3,"-11.3457319438191851503579740880905921962309007989445100684052776990167330920482782010627285","-DirectedInfinity-","-DirectedInfinity-"
2,2,2,4,"-11.3457319438191851503579740880905921962309007989445100684052776990167330920482782010627285","-DirectedInfinity-","-DirectedInfinity-"
2,2,2,5,"-11.3457319438191851503579740880905921962309007989445100684052776990167330920482782010627285","-DirectedInfinity-","-DirectedInfinity-"
2,2,3,0,"-11.3457319438191851503579740880905921962309007989445100684052776990167330920482782010627285","0.e-99","11.3457319438191851503579740880905921962309007989445100684052776990167330920482782010627285"
2,2,3,1,"-11.3457319438191851503579740880905921962309007989445100684052776990167330920482782010627285","-6.75242370056534555411199501532385763510599586636589894276636222931841358131349648824808262124","4.5933082432538395962459790727667345611249049325786111256389154696983195107347817128146459"
2,2,3,2,"-11.3457319438191851503579740880905921962309007989445100684052776990167330920482782010627285","-75.65204708058067207823869","64.30631513676148692788071"
2,2,3,3,"-11.3457319438191851503579740880905921962309007989445100684052776990167330920482782010627285","-DirectedInfinity-","-DirectedInfinity-"
2,2,3,4,"-11.3457319438191851503579740880905921962309007989445100684052776990167330920482782010627285","-DirectedInfinity-","-DirectedInfinity-"
2,2,3,5,"-11.3457319438191851503579740880905921962309007989445100684052776990167330920482782010627285","-DirectedInfinity-","-DirectedInfinity-"
2,3,1,0,"-23.594553874631293426800352587948762289965107037931432564359889055231969084784","0.e-99","23.594553874631293426800352587948762289965107037931432564359889055231969084784"
2,3,1,1,"-23.594553874631293426800352587948762289965107037931432564359889055231969084784","-3.69019608002851366142443251718527238696714479264793081300726990743650687980415833213222305569498","19.90435779460277976537592007076348990299796224528350175135261914779546220498"
2,3,1,2,"-23.594553874631293426800352587948762289965107037931432564359889055231969084784","-26.656759357334198053355549057411648804899489700635215359533414599427068347","3.062205482702904626555196469462886514934382662703782795173525544195099262"
2,3,1,3,"-23.594553874631293426800352587948762289965107037931432564359889055231969084784","-DirectedInfinity-","-DirectedInfinity-"
2,3,1,4,"-23.594553874631293426800352587948762289965107037931432564359889055231969084784","-DirectedInfinity-","-DirectedInfinity-"
2,3,1,5,"-23.594553874631293426800352587948762289965107037931432564359889055231969084784","-DirectedInfinity-","-DirectedInfinity-"
2,3,2,0,"-23.594553874631293426800352587948762289965107037931432564359889055231969084784","0.e-99","23.594553874631293426800352587948762289965107037931432564359889055231969084784"
2,3,2,1,"-23.594553874631293426800352587948762289965107037931432564359889055231969084784","-5.2213203261797599029528289635138628390245317740041357722830330120624955657281056745988695642013","18.373233548451533523847523624434899450940575263927296792076856043169473519056"
2,3,2,2,"-23.594553874631293426800352587948762289965107037931432564359889055231969084784","-48.092197736254530439241922412403303414251893550118329","24.497643861623237012441569824454541124286786512186896"
2,3,2,3,"-23.594553874631293426800352587948762289965107037931432564359889055231969084784","-DirectedInfinity-","-DirectedInfinity-"
2,3,2,4,"-23.594553874631293426800352587948762289965107037931432564359889055231969084784","-DirectedInfinity-","-DirectedInfinity-"
2,3,2,5,"-23.594553874631293426800352587948762289965107037931432564359889055231969084784","-DirectedInfinity-","-DirectedInfinity-"
2,3,3,0,"-23.594553874631293426800352587948762289965107037931432564359889055231969084784","0.e-99","23.594553874631293426800352587948762289965107037931432564359889055231969084784"
2,3,3,1,"-23.594553874631293426800352587948762289965107037931432564359889055231969084784","-6.75242370056534555411199501532385763510599586636589894276636222931841358131349648824808262124","16.842130174065947872688357572624904654859111171565533621593526825913555503471"
2,3,3,2,"-23.594553874631293426800352587948762289965107037931432564359889055231969084784","-75.65204708058067207823869","52.05749320594937865143834"
2,3,3,3,"-23.594553874631293426800352587948762289965107037931432564359889055231969084784","-DirectedInfinity-","-DirectedInfinity-"
2,3,3,4,"-23.594553874631293426800352587948762289965107037931432564359889055231969084784","-DirectedInfinity-","-DirectedInfinity-"
2,3,3,5,"-23.594553874631293426800352587948762289965107037931432564359889055231969084784","-DirectedInfinity-","-DirectedInfinity-"
2,4,1,0,"-48.092197736254530439241922412403303414251893550118329","0.e-99","48.092197736254530439241922412403303414251893550118329"
2,4,1,1,"-48.092197736254530439241922412403303414251893550118329","-3.69019608002851366142443251718527238696714479264793081300726990743650687980415833213222305569498","44.402001656226016777817489895218031027284748757470398"
2,4,1,2,"-48.092197736254530439241922412403303414251893550118329","-26.656759357334198053355549057411648804899489700635215359533414599427068347","21.435438378920332385886373354991654609352403849483113"
2,4,1,3,"-48.092197736254530439241922412403303414251893550118329","-DirectedInfinity-","-DirectedInfinity-"
2,4,1,4,"-48.092197736254530439241922412403303414251893550118329","-DirectedInfinity-","-DirectedInfinity-"
2,4,1,5,"-48.092197736254530439241922412403303414251893550118329","-DirectedInfinity-","-DirectedInfinity-"
2,4,2,0,"-48.092197736254530439241922412403303414251893550118329","0.e-99","48.092197736254530439241922412403303414251893550118329"
2,4,2,1,"-48.092197736254530439241922412403303414251893550118329","-5.2213203261797599029528289635138628390245317740041357722830330120624955657281056745988695642013","42.870877410074770536289093448889440575227361776114193"
2,4,2,2,"-48.092197736254530439241922412403303414251893550118329","-48.092197736254530439241922412403303414251893550118329","0.e-51"
2,4,2,3,"-48.092197736254530439241922412403303414251893550118329","-DirectedInfinity-","-DirectedInfinity-"
2,4,2,4,"-48.092197736254530439241922412403303414251893550118329","-DirectedInfinity-","-DirectedInfinity-"
2,4,2,5,"-48.092197736254530439241922412403303414251893550118329","-DirectedInfinity-","-DirectedInfinity-"
2,4,3,0,"-48.092197736254530439241922412403303414251893550118329","0.e-99","48.092197736254530439241922412403303414251893550118329"
2,4,3,1,"-48.092197736254530439241922412403303414251893550118329","-6.75242370056534555411199501532385763510599586636589894276636222931841358131349648824808262124","41.33977403568918488512992739707944577914589768375243"
2,4,3,2,"-48.092197736254530439241922412403303414251893550118329","-75.65204708058067207823869","27.55984934432614163899677"
2,4,3,3,"-48.092197736254530439241922412403303414251893550118329","-DirectedInfinity-","-DirectedInfinity-"
2,4,3,4,"-48.092197736254530439241922412403303414251893550118329","-DirectedInfinity-","-DirectedInfinity-"
2,4,3,5,"-48.092197736254530439241922412403303414251893550118329","-DirectedInfinity-","-DirectedInfinity-"
2,5,1,0,"-97.09","0.e-99","97.09"
2,5,1,1,"-97.09","-3.69019608002851366142443251718527238696714479264793081300726990743650687980415833213222305569498","93.4"
2,5,1,2,"-97.09","-26.656759357334198053355549057411648804899489700635215359533414599427068347","70.43"
2,5,1,3,"-97.09","-DirectedInfinity-","-DirectedInfinity-"
2,5,1,4,"-97.09","-DirectedInfinity-","-DirectedInfinity-"
2,5,1,5,"-97.09","-DirectedInfinity-","-DirectedInfinity-"
2,5,2,0,"-97.09","0.e-99","97.09"
2,5,2,1,"-97.09","-5.2213203261797599029528289635138628390245317740041357722830330120624955657281056745988695642013","91.87"
2,5,2,2,"-97.09","-48.092197736254530439241922412403303414251893550118329","49."
2,5,2,3,"-97.09","-DirectedInfinity-","-DirectedInfinity-"
2,5,2,4,"-97.09","-DirectedInfinity-","-DirectedInfinity-"
2,5,2,5,"-97.09","-DirectedInfinity-","-DirectedInfinity-"
2,5,3,0,"-97.09","0.e-99","97.09"
2,5,3,1,"-97.09","-6.75242370056534555411199501532385763510599586636589894276636222931841358131349648824808262124","90.34"
2,5,3,2,"-97.09","-75.65204708058067207823869","21.44"
2,5,3,3,"-97.09","-DirectedInfinity-","-DirectedInfinity-"
2,5,3,4,"-97.09","-DirectedInfinity-","-DirectedInfinity-"
2,5,3,5,"-97.09","-DirectedInfinity-","-DirectedInfinity-"
2,6,1,0,"-DirectedInfinity-","0.e-99","-DirectedInfinity-"
2,6,1,1,"-DirectedInfinity-","-3.69019608002851366142443251718527238696714479264793081300726990743650687980415833213222305569498","-DirectedInfinity-"
2,6,1,2,"-DirectedInfinity-","-26.656759357334198053355549057411648804899489700635215359533414599427068347","-DirectedInfinity-"
2,6,1,3,"-DirectedInfinity-","-DirectedInfinity-","Indeterminate"
2,6,1,4,"-DirectedInfinity-","-DirectedInfinity-","Indeterminate"
2,6,1,5,"-DirectedInfinity-","-DirectedInfinity-","Indeterminate"
2,6,2,0,"-DirectedInfinity-","0.e-99","-DirectedInfinity-"
2,6,2,1,"-DirectedInfinity-","-5.2213203261797599029528289635138628390245317740041357722830330120624955657281056745988695642013","-DirectedInfinity-"
2,6,2,2,"-DirectedInfinity-","-48.092197736254530439241922412403303414251893550118329","-DirectedInfinity-"
2,6,2,3,"-DirectedInfinity-","-DirectedInfinity-","Indeterminate"
2,6,2,4,"-DirectedInfinity-","-DirectedInfinity-","Indeterminate"
2,6,2,5,"-DirectedInfinity-","-DirectedInfinity-","Indeterminate"
2,6,3,0,"-DirectedInfinity-","0.e-99","-DirectedInfinity-"
2,6,3,1,"-DirectedInfinity-","-6.75242370056534555411199501532385763510599586636589894276636222931841358131349648824808262124","-DirectedInfinity-"
2,6,3,2,"-DirectedInfinity-","-75.65204708058067207823869","-DirectedInfinity-"
2,6,3,3,"-DirectedInfinity-","-DirectedInfinity-","Indeterminate"
2,6,3,4,"-DirectedInfinity-","-DirectedInfinity-","Indeterminate"
2,6,3,5,"-DirectedInfinity-","-DirectedInfinity-","Indeterminate"
2,7,1,0,"-DirectedInfinity-","0.e-99","-DirectedInfinity-"
2,7,1,1,"-DirectedInfinity-","-3.69019608002851366142443251718527238696714479264793081300726990743650687980415833213222305569498","-DirectedInfinity-"
2,7,1,2,"-DirectedInfinity-","-26.656759357334198053355549057411648804899489700635215359533414599427068347","-DirectedInfinity-"
2,7,1,3,"-DirectedInfinity-","-DirectedInfinity-","Indeterminate"
2,7,1,4,"-DirectedInfinity-","-DirectedInfinity-","Indeterminate"
2,7,1,5,"-DirectedInfinity-","-DirectedInfinity-","Indeterminate"
2,7,2,0,"-DirectedInfinity-","0.e-99","-DirectedInfinity-"
2,7,2,1,"-DirectedInfinity-","-5.2213203261797599029528289635138628390245317740041357722830330120624955657281056745988695642013","-DirectedInfinity-"
2,7,2,2,"-DirectedInfinity-","-48.092197736254530439241922412403303414251893550118329","-DirectedInfinity-"
2,7,2,3,"-DirectedInfinity-","-DirectedInfinity-","Indeterminate"
2,7,2,4,"-DirectedInfinity-","-DirectedInfinity-","Indeterminate"
2,7,2,5,"-DirectedInfinity-","-DirectedInfinity-","Indeterminate"
2,7,3,0,"-DirectedInfinity-","0.e-99","-DirectedInfinity-"
2,7,3,1,"-DirectedInfinity-","-6.75242370056534555411199501532385763510599586636589894276636222931841358131349648824808262124","-DirectedInfinity-"
2,7,3,2,"-DirectedInfinity-","-75.65204708058067207823869","-DirectedInfinity-"
2,7,3,3,"-DirectedInfinity-","-DirectedInfinity-","Indeterminate"
2,7,3,4,"-DirectedInfinity-","-DirectedInfinity-","Indeterminate"
2,7,3,5,"-DirectedInfinity-","-DirectedInfinity-","Indeterminate"
2,8,1,0,"-DirectedInfinity-","0.e-99","-DirectedInfinity-"
2,8,1,1,"-DirectedInfinity-","-3.69019608002851366142443251718527238696714479264793081300726990743650687980415833213222305569498","-DirectedInfinity-"
2,8,1,2,"-DirectedInfinity-","-26.656759357334198053355549057411648804899489700635215359533414599427068347","-DirectedInfinity-"
2,8,1,3,"-DirectedInfinity-","-DirectedInfinity-","Indeterminate"
2,8,1,4,"-DirectedInfinity-","-DirectedInfinity-","Indeterminate"
2,8,1,5,"-DirectedInfinity-","-DirectedInfinity-","Indeterminate"
2,8,2,0,"-DirectedInfinity-","0.e-99","-DirectedInfinity-"
2,8,2,1,"-DirectedInfinity-","-5.2213203261797599029528289635138628390245317740041357722830330120624955657281056745988695642013","-DirectedInfinity-"
2,8,2,2,"-DirectedInfinity-","-48.092197736254530439241922412403303414251893550118329","-DirectedInfinity-"
2,8,2,3,"-DirectedInfinity-","-DirectedInfinity-","Indeterminate"
2,8,2,4,"-DirectedInfinity-","-DirectedInfinity-","Indeterminate"
2,8,2,5,"-DirectedInfinity-","-DirectedInfinity-","Indeterminate"
2,8,3,0,"-DirectedInfinity-","0.e-99","-DirectedInfinity-"
2,8,3,1,"-DirectedInfinity-","-6.75242370056534555411199501532385763510599586636589894276636222931841358131349648824808262124","-DirectedInfinity-"
2,8,3,2,"-DirectedInfinity-","-75.65204708058067207823869","-DirectedInfinity-"
2,8,3,3,"-DirectedInfinity-","-DirectedInfinity-","Indeterminate"
2,8,3,4,"-DirectedInfinity-","-DirectedInfinity-","Indeterminate"
2,8,3,5,"-DirectedInfinity-","-DirectedInfinity-","Indeterminate"
3,1,1,0,"-3.49637605401240083270686588553223054757628408142058206086983467419915601545070538905378656840409","0.301029995663981195213738894724493026768189881462108541310427461127108189274424509486927252118186172","3.79740604967638202792060478025672357434447396288269060218026213532626420472512989854071382052228"
3,1,1,1,"-3.49637605401240083270686588553223054757628408142058206086983467419915601545070538905378656840409","-2.3521825181113624841625780170612445648638779654571746470388763583562419270184732271120822070588603","1.14419353590103834854428786847098598271240611596340741383095831584291408843223216194170436134523"
3,1,1,2,"-3.49637605401240083270686588553223054757628408142058206086983467419915601545070538905378656840409","-19.5109304651533134221325992702841673622741750468570455049470061943512686751613017","16.0145544111409125894257333847519368146978909654364634440771715201521126597105963"
3,1,1,3,"-3.49637605401240083270686588553223054757628408142058206086983467419915601545070538905378656840409","-DirectedInfinity-","-DirectedInfinity-"
3,1,1,4,"-3.49637605401240083270686588553223054757628408142058206086983467419915601545070538905378656840409","-DirectedInfinity-","-DirectedInfinity-"
3,1,1,5,"-3.49637605401240083270686588553223054757628408142058206086983467419915601545070538905378656840409","-DirectedInfinity-","-DirectedInfinity-"
3,1,2,0,"-3.49637605401240083270686588553223054757628408142058206086983467419915601545070538905378656840409","0.301029995663981195213738894724493026768189881462108541310427461127108189274424509486927252118186172","3.79740604967638202792060478025672357434447396288269060218026213532626420472512989854071382052228"
3,1,2,1,"-3.49637605401240083270686588553223054757628408142058206086983467419915601545070538905378656840409","-3.49637605401240083270686588553223054757628408142058206086983467419915601545070538905378656840409","0.e-95"
3,1,2,2,"-3.49637605401240083270686588553223054757628408142058206086983467419915601545070538905378656840409","-35.525461796087376505357204540518388624442834288873385423856817214","32.029085742074975672650338654986158076866550207452803362986982539"
3,1,2,3,"-3.49637605401240083270686588553223054757628408142058206086983467419915601545070538905378656840409","-DirectedInfinity-","-DirectedInfinity-"
3,1,2,4,"-3.49637605401240083270686588553223054757628408142058206086983467419915601545070538905378656840409","-DirectedInfinity-","-DirectedInfinity-"
3,1,2,5,"-3.49637605401240083270686588553223054757628408142058206086983467419915601545070538905378656840409","-DirectedInfinity-","-DirectedInfinity-"
3,1,3,0,"-3.49637605401240083270686588553223054757628408142058206086983467419915601545070538905378656840409","0.301029995663981195213738894724493026768189881462108541310427461127108189274424509486927252118186172","3.79740604967638202792060478025672357434447396288269060218026213532626420472512989854071382052228"
3,1,3,1,"-3.49637605401240083270686588553223054757628408142058206086983467419915601545070538905378656840409","-4.6402925722221080045730668939999071193156630557219013870067157747750077471677841409313584145719","1.1439165182097071718662010084676765717393789743013193261368811005758517317170787518775718461678"
3,1,3,2,"-3.49637605401240083270686588553223054757628408142058206086983467419915601545070538905378656840409","-56.1155735072883147552145415467060392425684952","52.6191974532759139225076756611738086949922111"
3,1,3,3,"-3.49637605401240083270686588553223054757628408142058206086983467419915601545070538905378656840409","-DirectedInfinity-","-DirectedInfinity-"
3,1,3,4,"-3.49637605401240083270686588553223054757628408142058206086983467419915601545070538905378656840409","-DirectedInfinity-","-DirectedInfinity-"
3,1,3,5,"-3.49637605401240083270686588553223054757628408142058206086983467419915601545070538905378656840409","-DirectedInfinity-","-DirectedInfinity-"
3,2,1,0,"-8.0719795138728529267030672983123714999643470136225330929281309422324803796080782454396115953","0.301029995663981195213738894724493026768189881462108541310427461127108189274424509486927252118186172","8.3730095095368341219168061930368645267325368950846416342385584033595885688825027549265388475"
3,2,1,1,"-8.0719795138728529267030672983123714999643470136225330929281309422324803796080782454396115953","-2.3521825181113624841625780170612445648638779654571746470388763583562419270184732271120822070588603","5.7197969957614904425404892812511269351004690481653584458892545838762384525896050183275293883"
3,2,1,2,"-8.0719795138728529267030672983123714999643470136225330929281309422324803796080782454396115953","-19.5109304651533134221325992702841673622741750468570455049470061943512686751613017","11.4389509512804604954295319719717958623098280332345124120188752521187882955532234"
3,2,1,3,"-8.0719795138728529267030672983123714999643470136225330929281309422324803796080782454396115953","-DirectedInfinity-","-DirectedInfinity-"
3,2,1,4,"-8.0719795138728529267030672983123714999643470136225330929281309422324803796080782454396115953","-DirectedInfinity-","-DirectedInfinity-"
3,2,1,5,"-8.0719795138728529267030672983123714999643470136225330929281309422324803796080782454396115953","-DirectedInfinity-","-DirectedInfinity-"
3,2,2,0,"-8.0719795138728529267030672983123714999643470136225330929281309422324803796080782454396115953","0.301029995663981195213738894724493026768189881462108541310427461127108189274424509486927252118186172","8.3730095095368341219168061930368645267325368950846416342385584033595885688825027549265388475"
3,2,2,1,"-8.0719795138728529267030672983123714999643470136225330929281309422324803796080782454396115953","-3.49637605401240083270686588553223054757628408142058206086983467419915601545070538905378656840409","4.5756034598604520939962014127801409523880629322019510320582962680333243641573728563858250269"
3,2,2,2,"-8.0719795138728529267030672983123714999643470136225330929281309422324803796080782454396115953","-35.525461796087376505357204540518388624442834288873385423856817214","27.453482282214523578654137242206017124478487275250852330928686271"
3,2,2,3,"-8.0719795138728529267030672983123714999643470136225330929281309422324803796080782454396115953","-DirectedInfinity-","-DirectedInfinity-"
3,2,2,4,"-8.0719795138728529267030672983123714999643470136225330929281309422324803796080782454396115953","-DirectedInfinity-","-DirectedInfinity-"
3,2,2,5,"-8.0719795138728529267030672983123714999643470136225330929281309422324803796080782454396115953","-DirectedInfinity-","-DirectedInfinity-"
3,2,3,0,"-8.0719795138728529267030672983123714999643470136225330929281309422324803796080782454396115953","0.301029995663981195213738894724493026768189881462108541310427461127108189274424509486927252118186172","8.3730095095368341219168061930368645267325368950846416342385584033595885688825027549265388475"
3,2,3,1,"-8.0719795138728529267030672983123714999643470136225330929281309422324803796080782454396115953","-4.6402925722221080045730668939999071193156630557219013870067157747750077471677841409313584145719","3.4316869416507449221300004043124643806486839579006317059214151674574726324402941045082531808"
3,2,3,2,"-8.0719795138728529267030672983123714999643470136225330929281309422324803796080782454396115953","-56.1155735072883147552145415467060392425684952","48.0435939934154618285114742483936677426041482"
3,2,3,3,"-8.0719795138728529267030672983123714999643470136225330929281309422324803796080782454396115953","-DirectedInfinity-","-DirectedInfinity-"
3,2,3,4,"-8.0719795138728529267030672983123714999643470136225330929281309422324803796080782454396115953","-DirectedInfinity-","-DirectedInfinity-"
3,2,3,5,"-8.0719795138728529267030672983123714999643470136225330929281309422324803796080782454396115953","-DirectedInfinity-","-DirectedInfinity-"
3,3,1,0,"-17.2231402750198758383843445489100904409206145291250953847993934026903557857028154628","0.301029995663981195213738894724493026768189881462108541310427461127108189274424509486927252118186172","17.5241702706838570335980834436345834676888044105872039261098208638174639749772399723"
3,3,1,1,"-17.2231402750198758383843445489100904409206145291250953847993934026903557857028154628","-2.3521825181113624841625780170612445648638779654571746470388763583562419270184732271120822070588603","14.8709577569085133542217665318488458760567365636679207377605170443341138586843422357"
3,3,1,2,"-17.2231402750198758383843445489100904409206145291250953847993934026903557857028154628","-19.5109304651533134221325992702841673622741750468570455049470061943512686751613017","2.2877901901334375837482547213740769213535605177319501201476127916609128894584862"
3,3,1,3,"-17.2231402750198758383843445489100904409206145291250953847993934026903557857028154628","-DirectedInfinity-","-DirectedInfinity-"
3,3,1,4,"-17.2231402750198758383843445489100904409206145291250953847993934026903557857028154628","-DirectedInfinity-","-DirectedInfinity-"
3,3,1,5,"-17.2231402750198758383843445489100904409206145291250953847993934026903557857028154628","-DirectedInfinity-","-DirectedInfinity-"
3,3,2,0,"-17.2231402750198758383843445489100904409206145291250953847993934026903557857028154628","0.301029995663981195213738894724493026768189881462108541310427461127108189274424509486927252118186172","17.5241702706838570335980834436345834676888044105872039261098208638174639749772399723"
3,3,2,1,"-17.2231402750198758383843445489100904409206145291250953847993934026903557857028154628","-3.49637605401240083270686588553223054757628408142058206086983467419915601545070538905378656840409","13.7267642210074750056774786633778598933443304477045133239295587284911997702521100738"
3,3,2,2,"-17.2231402750198758383843445489100904409206145291250953847993934026903557857028154628","-35.525461796087376505357204540518388624442834288873385423856817214","18.302321521067500666972859991608298183522219759748290039057423811"
3,3,2,3,"-17.2231402750198758383843445489100904409206145291250953847993934026903557857028154628","-DirectedInfinity-","-DirectedInfinity-"
3,3,2,4,"-17.2231402750198758383843445489100904409206145291250953847993934026903557857028154628","-DirectedInfinity-","-DirectedInfinity-"
3,3,2,5,"-17.2231402750198758383843445489100904409206145291250953847993934026903557857028154628","-DirectedInfinity-","-DirectedInfinity-"
3,3,3,0,"-17.2231402750198758383843445489100904409206145291250953847993934026903557857028154628","0.301029995663981195213738894724493026768189881462108541310427461127108189274424509486927252118186172","17.5241702706838570335980834436345834676888044105872039261098208638174639749772399723"
3,3,3,1,"-17.2231402750198758383843445489100904409206145291250953847993934026903557857028154628","-4.6402925722221080045730668939999071193156630557219013870067157747750077471677841409313584145719","12.5828477027977678338112776549101833216049514734031939977926776279153480385350313219"
3,3,3,2,"-17.2231402750198758383843445489100904409206145291250953847993934026903557857028154628","-56.1155735072883147552145415467060392425684952","38.8924332322684389168301969977959488016478807"
3,3,3,3,"-17.2231402750198758383843445489100904409206145291250953847993934026903557857028154628","-DirectedInfinity-","-DirectedInfinity-"
3,3,3,4,"-17.2231402750198758383843445489100904409206145291250953847993934026903557857028154628","-DirectedInfinity-","-DirectedInfinity-"
3,3,3,5,"-17.2231402750198758383843445489100904409206145291250953847993934026903557857028154628","-DirectedInfinity-","-DirectedInfinity-"
3,4,1,0,"-35.525461796087376505357204540518388624442834288873385423856817214","0.301029995663981195213738894724493026768189881462108541310427461127108189274424509486927252118186172","35.826491791751357700570943435242881651211024170335493965167244675"
3,4,1,1,"-35.525461796087376505357204540518388624442834288873385423856817214","-2.3521825181113624841625780170612445648638779654571746470388763583562419270184732271120822070588603","33.173279277976014021194626523457144059578956323416210776817940855"
3,4,1,2,"-35.525461796087376505357204540518388624442834288873385423856817214","-19.5109304651533134221325992702841673622741750468570455049470061943512686751613017","16.014531330934063083224605270234221262168659242016339918909811019"
3,4,1,3,"-35.525461796087376505357204540518388624442834288873385423856817214","-DirectedInfinity-","-DirectedInfinity-"
3,4,1,4,"-35.525461796087376505357204540518388624442834288873385423856817214","-DirectedInfinity-","-DirectedInfinity-"
3,4,1,5,"-35.525461796087376505357204540518388624442834288873385423856817214","-DirectedInfinity-","-DirectedInfinity-"
3,4,2,0,"-35.525461796087376505357204540518388624442834288873385423856817214","0.301029995663981195213738894724493026768189881462108541310427461127108189274424509486927252118186172","35.826491791751357700570943435242881651211024170335493965167244675"
3,4,2,1,"-35.525461796087376505357204540518388624442834288873385423856817214","-3.49637605401240083270686588553223054757628408142058206086983467419915601545070538905378656840409","32.029085742074975672650338654986158076866550207452803362986982539"
3,4,2,2,"-35.525461796087376505357204540518388624442834288873385423856817214","-35.525461796087376505357204540518388624442834288873385423856817214","0.e-63"
3,4,2,3,"-35.525461796087376505357204540518388624442834288873385423856817214","-DirectedInfinity-","-DirectedInfinity-"
3,4,2,4,"-35.525461796087376505357204540518388624442834288873385423856817214","-DirectedInfinity-","-DirectedInfinity-"
3,4,2,5,"-35.525461796087376505357204540518388624442834288873385423856817214","-DirectedInfinity-","-DirectedInfinity-"
3,4,3,0,"-35.525461796087376505357204540518388624442834288873385423856817214","0.301029995663981195213738894724493026768189881462108541310427461127108189274424509486927252118186172","35.826491791751357700570943435242881651211024170335493965167244675"
3,4,3,1,"-35.525461796087376505357204540518388624442834288873385423856817214","-4.6402925722221080045730668939999071193156630557219013870067157747750077471677841409313584145719","30.885169223865268500784137646518481505127171233151484036850101439"
3,4,3,2,"-35.525461796087376505357204540518388624442834288873385423856817214","-56.1155735072883147552145415467060392425684952","20.5901117112009382498573370061876506181256609"
3,4,3,3,"-35.525461796087376505357204540518388624442834288873385423856817214","-DirectedInfinity-","-DirectedInfinity-"
3,4,3,4,"-35.525461796087376505357204540518388624442834288873385423856817214","-DirectedInfinity-","-DirectedInfinity-"
3,4,3,5,"-35.525461796087376505357204540518388624442834288873385423856817214","-DirectedInfinity-","-DirectedInfinity-"
3,5,1,0,"-72.130104838222377838436914774","0.301029995663981195213738894724493026768189881462108541310427461127108189274424509486927252118186172","72.431134833886359033650653668"
3,5,1,1,"-72.130104838222377838436914774","-2.3521825181113624841625780170612445648638779654571746470388763583562419270184732271120822070588603","69.777922320111015354274336757"
3,5,1,2,"-72.130104838222377838436914774","-19.5109304651533134221325992702841673622741750468570455049470061943512686751613017","52.619174373069064416304315503"
3,5,1,3,"-72.130104838222377838436914774","-DirectedInfinity-","-DirectedInfinity-"
3,5,1,4,"-72.130104838222377838436914774","-DirectedInfinity-","-DirectedInfinity-"
3,5,1,5,"-72.130104838222377838436914774","-DirectedInfinity-","-DirectedInfinity-"
3,5,2,0,"-72.130104838222377838436914774","0.301029995663981195213738894724493026768189881462108541310427461127108189274424509486927252118186172","72.431134833886359033650653668"
3,5,2,1,"-72.130104838222377838436914774","-3.49637605401240083270686588553223054757628408142058206086983467419915601545070538905378656840409","68.633728784209977005730048888"
3,5,2,2,"-72.130104838222377838436914774","-35.525461796087376505357204540518388624442834288873385423856817214","36.604643042135001333079710233"
3,5,2,3,"-72.130104838222377838436914774","-DirectedInfinity-","-DirectedInfinity-"
3,5,2,4,"-72.130104838222377838436914774","-DirectedInfinity-","-DirectedInfinity-"
3,5,2,5,"-72.130104838222377838436914774","-DirectedInfinity-","-DirectedInfinity-"
3,5,3,0,"-72.130104838222377838436914774","0.301029995663981195213738894724493026768189881462108541310427461127108189274424509486927252118186172","72.431134833886359033650653668"
3,5,3,1,"-72.130104838222377838436914774","-4.6402925722221080045730668939999071193156630557219013870067157747750077471677841409313584145719","67.48981226600026983386384788"
3,5,3,2,"-72.130104838222377838436914774","-56.1155735072883147552145415467060392425684952","16.014531330934063083222373227"
3,5,3,3,"-72.130104838222377838436914774","-DirectedInfinity-","-DirectedInfinity-"
3,5,3,4,"-72.130104838222377838436914774","-DirectedInfinity-","-DirectedInfinity-"
3,5,3,5,"-72.130104838222377838436914774","-DirectedInfinity-","-DirectedInfinity-"
3,6,1,0,"-DirectedInfinity-","0.301029995663981195213738894724493026768189881462108541310427461127108189274424509486927252118186172","-DirectedInfinity-"
3,6,1,1,"-DirectedInfinity-","-2.3521825181113624841625780170612445648638779654571746470388763583562419270184732271120822070588603","-DirectedInfinity-"
3,6,1,2,"-DirectedInfinity-","-19.5109304651533134221325992702841673622741750468570455049470061943512686751613017","-DirectedInfinity-"
3,6,1,3,"-DirectedInfinity-","-DirectedInfinity-","Indeterminate"
3,6,1,4,"-DirectedInfinity-","-DirectedInfinity-","Indeterminate"
3,6,1,5,"-DirectedInfinity-","-DirectedInfinity-","Indeterminate"
3,6,2,0,"-DirectedInfinity-","0.301029995663981195213738894724493026768189881462108541310427461127108189274424509486927252118186172","-DirectedInfinity-"
3,6,2,1,"-DirectedInfinity-","-3.49637605401240083270686588553223054757628408142058206086983467419915601545070538905378656840409","-DirectedInfinity-"
3,6,2,2,"-DirectedInfinity-","-35.525461796087376505357204540518388624442834288873385423856817214","-DirectedInfinity-"
3,6,2,3,"-DirectedInfinity-","-DirectedInfinity-","Indeterminate"
3,6,2,4,"-DirectedInfinity-","-DirectedInfinity-","Indeterminate"
3,6,2,5,"-DirectedInfinity-","-DirectedInfinity-","Indeterminate"
3,6,3,0,"-DirectedInfinity-","0.301029995663981195213738894724493026768189881462108541310427461127108189274424509486927252118186172","-DirectedInfinity-"
3,6,3,1,"-DirectedInfinity-","-4.6402925722221080045730668939999071193156630557219013870067157747750077471677841409313584145719","-DirectedInfinity-"
3,6,3,2,"-DirectedInfinity-","-56.1155735072883147552145415467060392425684952","-DirectedInfinity-"
3,6,3,3,"-DirectedInfinity-","-DirectedInfinity-","Indeterminate"
3,6,3,4,"-DirectedInfinity-","-DirectedInfinity-","Indeterminate"
3,6,3,5,"-DirectedInfinity-","-DirectedInfinity-","Indeterminate"
3,7,1,0,"-DirectedInfinity-","0.301029995663981195213738894724493026768189881462108541310427461127108189274424509486927252118186172","-DirectedInfinity-"
3,7,1,1,"-DirectedInfinity-","-2.3521825181113624841625780170612445648638779654571746470388763583562419270184732271120822070588603","-DirectedInfinity-"
3,7,1,2,"-DirectedInfinity-","-19.5109304651533134221325992702841673622741750468570455049470061943512686751613017","-DirectedInfinity-"
3,7,1,3,"-DirectedInfinity-","-DirectedInfinity-","Indeterminate"
3,7,1,4,"-DirectedInfinity-","-DirectedInfinity-","Indeterminate"
3,7,1,5,"-DirectedInfinity-","-DirectedInfinity-","Indeterminate"
3,7,2,0,"-DirectedInfinity-","0.301029995663981195213738894724493026768189881462108541310427461127108189274424509486927252118186172","-DirectedInfinity-"
3,7,2,1,"-DirectedInfinity-","-3.49637605401240083270686588553223054757628408142058206086983467419915601545070538905378656840409","-DirectedInfinity-"
3,7,2,2,"-DirectedInfinity-","-35.525461796087376505357204540518388624442834288873385423856817214","-DirectedInfinity-"
3,7,2,3,"-DirectedInfinity-","-DirectedInfinity-","Indeterminate"
3,7,2,4,"-DirectedInfinity-","-DirectedInfinity-","Indeterminate"
3,7,2,5,"-DirectedInfinity-","-DirectedInfinity-","Indeterminate"
3,7,3,0,"-DirectedInfinity-","0.301029995663981195213738894724493026768189881462108541310427461127108189274424509486927252118186172","-DirectedInfinity-"
3,7,3,1,"-DirectedInfinity-","-4.6402925722221080045730668939999071193156630557219013870067157747750077471677841409313584145719","-DirectedInfinity-"
3,7,3,2,"-DirectedInfinity-","-56.1155735072883147552145415467060392425684952","-DirectedInfinity-"
3,7,3,3,"-DirectedInfinity-","-DirectedInfinity-","Indeterminate"
3,7,3,4,"-DirectedInfinity-","-DirectedInfinity-","Indeterminate"
3,7,3,5,"-DirectedInfinity-","-DirectedInfinity-","Indeterminate"
3,8,1,0,"-DirectedInfinity-","0.301029995663981195213738894724493026768189881462108541310427461127108189274424509486927252118186172","-DirectedInfinity-"
3,8,1,1,"-DirectedInfinity-","-2.3521825181113624841625780170612445648638779654571746470388763583562419270184732271120822070588603","-DirectedInfinity-"
3,8,1,2,"-DirectedInfinity-","-19.5109304651533134221325992702841673622741750468570455049470061943512686751613017","-DirectedInfinity-"
3,8,1,3,"-DirectedInfinity-","-DirectedInfinity-","Indeterminate"
3,8,1,4,"-DirectedInfinity-","-DirectedInfinity-","Indeterminate"
3,8,1,5,"-DirectedInfinity-","-DirectedInfinity-","Indeterminate"
3,8,2,0,"-DirectedInfinity-","0.301029995663981195213738894724493026768189881462108541310427461127108189274424509486927252118186172","-DirectedInfinity-"
3,8,2,1,"-DirectedInfinity-","-3.49637605401240083270686588553223054757628408142058206086983467419915601545070538905378656840409","-DirectedInfinity-"
3,8,2,2,"-DirectedInfinity-","-35.525461796087376505357204540518388624442834288873385423856817214","-DirectedInfinity-"
3,8,2,3,"-DirectedInfinity-","-DirectedInfinity-","Indeterminate"
3,8,2,4,"-DirectedInfinity-","-DirectedInfinity-","Indeterminate"
3,8,2,5,"-DirectedInfinity-","-DirectedInfinity-","Indeterminate"
3,8,3,0,"-DirectedInfinity-","0.301029995663981195213738894724493026768189881462108541310427461127108189274424509486927252118186172","-DirectedInfinity-"
3,8,3,1,"-DirectedInfinity-","-4.6402925722221080045730668939999071193156630557219013870067157747750077471677841409313584145719","-DirectedInfinity-"
3,8,3,2,"-DirectedInfinity-","-56.1155735072883147552145415467060392425684952","-DirectedInfinity-"
3,8,3,3,"-DirectedInfinity-","-DirectedInfinity-","Indeterminate"
3,8,3,4,"-DirectedInfinity-","-DirectedInfinity-","Indeterminate"
3,8,3,5,"-DirectedInfinity-","-DirectedInfinity-","Indeterminate"
5,1,1,0,"-8.730376736254198730050009512504056937308201369779774979361363130903666277927811845546682877","0.e-99","8.730376736254198730050009512504056937308201369779774979361363130903666277927811845546682877"
5,1,1,1,"-8.730376736254198730050009512504056937308201369779774979361363130903666277927811845546682877","-6.22252502731813056100796231906850480299015295748752215781608454661332256431321985532784719047","2.507851708936068169042047193435552134318048412292252821545278584290343713614591990218835686"
5,1,1,2,"-8.730376736254198730050009512504056937308201369779774979361363130903666277927811845546682877","-43.8403002983314252989490323805874770068830059402441448199","35.1099235620772265688990228680834200695748045704643698406"
5,1,1,3,"-8.730376736254198730050009512504056937308201369779774979361363130903666277927811845546682877","-DirectedInfinity-","-DirectedInfinity-"
5,1,1,4,"-8.730376736254198730050009512504056937308201369779774979361363130903666277927811845546682877","-DirectedInfinity-","-DirectedInfinity-"
5,1,1,5,"-8.730376736254198730050009512504056937308201369779774979361363130903666277927811845546682877","-DirectedInfinity-","-DirectedInfinity-"
5,1,2,0,"-8.730376736254198730050009512504056937308201369779774979361363130903666277927811845546682877","0.e-99","8.730376736254198730050009512504056937308201369779774979361363130903666277927811845546682877"
5,1,2,1,"-8.730376736254198730050009512504056937308201369779774979361363130903666277927811845546682877","-8.730376736254198730050009512504056937308201369779774979361363130903666277927811845546682877","0.e-90"
5,1,2,2,"-8.730376736254198730050009512504056937308201369779774979361363130903666277927811845546682877","-78.95022386032785257219","70.21984712407365384214"
5,1,2,3,"-8.730376736254198730050009512504056937308201369779774979361363130903666277927811845546682877","-DirectedInfinity-","-DirectedInfinity-"
5,1,2,4,"-8.730376736254198730050009512504056937308201369779774979361363130903666277927811845546682877","-DirectedInfinity-","-DirectedInfinity-"
5,1,2,5,"-8.730376736254198730050009512504056937308201369779774979361363130903666277927811845546682877","-DirectedInfinity-","-DirectedInfinity-"
5,1,3,0,"-8.730376736254198730050009512504056937308201369779774979361363130903666277927811845546682877","0.e-99","8.730376736254198730050009512504056937308201369779774979361363130903666277927811845546682877"
5,1,3,1,"-8.730376736254198730050009512504056937308201369779774979361363130903666277927811845546682877","-11.238228419334491899032782959686508680083944774692301007831330287119646118407238976615385","2.507851683080293168982773447182451742775743404912526028469967156215979840479427131068702"
5,1,3,2,"-8.730376736254198730050009512504056937308201369779774979361363130903666277927811845546682877","-DirectedInfinity-","-DirectedInfinity-"
5,1,3,3,"-8.730376736254198730050009512504056937308201369779774979361363130903666277927811845546682877","-DirectedInfinity-","-DirectedInfinity-"
5,1,3,4,"-8.730376736254198730050009512504056937308201369779774979361363130903666277927811845546682877","-DirectedInfinity-","-DirectedInfinity-"
5,1,3,5,"-8.730376736254198730050009512504056937308201369779774979361363130903666277927811845546682877","-DirectedInfinity-","-DirectedInfinity-"
5,2,1,0,"-18.76178346833397724662886542855161361144171229510024288161871285465095326565897485","0.e-99","18.76178346833397724662886542855161361144171229510024288161871285465095326565897485"
5,2,1,1,"-18.76178346833397724662886542855161361144171229510024288161871285465095326565897485","-6.22252502731813056100796231906850480299015295748752215781608454661332256431321985532784719047","12.53925844101584668562090310948310880845155933761272072380262830803763070134575499"
5,2,1,2,"-18.76178346833397724662886542855161361144171229510024288161871285465095326565897485","-43.8403002983314252989490323805874770068830059402441448199","25.0785168299974480523201669520358633954412936451439019383"
5,2,1,3,"-18.76178346833397724662886542855161361144171229510024288161871285465095326565897485","-DirectedInfinity-","-DirectedInfinity-"
5,2,1,4,"-18.76178346833397724662886542855161361144171229510024288161871285465095326565897485","-DirectedInfinity-","-DirectedInfinity-"
5,2,1,5,"-18.76178346833397724662886542855161361144171229510024288161871285465095326565897485","-DirectedInfinity-","-DirectedInfinity-"
5,2,2,0,"-18.76178346833397724662886542855161361144171229510024288161871285465095326565897485","0.e-99","18.76178346833397724662886542855161361144171229510024288161871285465095326565897485"
5,2,2,1,"-18.76178346833397724662886542855161361144171229510024288161871285465095326565897485","-8.730376736254198730050009512504056937308201369779774979361363130903666277927811845546682877","10.031406732079778516578855916047556674133510925320467902257349723747286987731163"
5,2,2,2,"-18.76178346833397724662886542855161361144171229510024288161871285465095326565897485","-78.95022386032785257219","60.18844039199387532556"
5,2,2,3,"-18.76178346833397724662886542855161361144171229510024288161871285465095326565897485","-DirectedInfinity-","-DirectedInfinity-"
5,2,2,4,"-18.76178346833397724662886542855161361144171229510024288161871285465095326565897485","-DirectedInfinity-","-DirectedInfinity-"
5,2,2,5,"-18.76178346833397724662886542855161361144171229510024288161871285465095326565897485","-DirectedInfinity-","-DirectedInfinity-"
5,2,3,0,"-18.76178346833397724662886542855161361144171229510024288161871285465095326565897485","0.e-99","18.76178346833397724662886542855161361144171229510024288161871285465095326565897485"
5,2,3,1,"-18.76178346833397724662886542855161361144171229510024288161871285465095326565897485","-11.238228419334491899032782959686508680083944774692301007831330287119646118407238976615385","7.52355504899948534759608246886510493135776752040794187378738256753130714725173587"
5,2,3,2,"-18.76178346833397724662886542855161361144171229510024288161871285465095326565897485","-DirectedInfinity-","-DirectedInfinity-"
5,2,3,3,"-18.76178346833397724662886542855161361144171229510024288161871285465095326565897485","-DirectedInfinity-","-DirectedInfinity-"
5,2,3,4,"-18.76178346833397724662886542855161361144171229510024288161871285465095326565897485","-DirectedInfinity-","-DirectedInfinity-"
5,2,3,5,"-18.76178346833397724662886542855161361144171229510024288161871285465095326565897485","-DirectedInfinity-","-DirectedInfinity-"
5,3,1,0,"-38.824596932331935688486502238886147003143919141809071279396547","0.e-99","38.824596932331935688486502238886147003143919141809071279396547"
5,3,1,1,"-38.824596932331935688486502238886147003143919141809071279396547","-6.22252502731813056100796231906850480299015295748752215781608454661332256431321985532784719047","32.602071905013805127478539919817642200153766184321549121580462"
5,3,1,2,"-38.824596932331935688486502238886147003143919141809071279396547","-43.8403002983314252989490323805874770068830059402441448199","5.0157033659994896104625301417013300037390867984350735405"
5,3,1,3,"-38.824596932331935688486502238886147003143919141809071279396547","-DirectedInfinity-","-DirectedInfinity-"
5,3,1,4,"-38.824596932331935688486502238886147003143919141809071279396547","-DirectedInfinity-","-DirectedInfinity-"
5,3,1,5,"-38.824596932331935688486502238886147003143919141809071279396547","-DirectedInfinity-","-DirectedInfinity-"
5,3,2,0,"-38.824596932331935688486502238886147003143919141809071279396547","0.e-99","38.824596932331935688486502238886147003143919141809071279396547"
5,3,2,1,"-38.824596932331935688486502238886147003143919141809071279396547","-8.730376736254198730050009512504056937308201369779774979361363130903666277927811845546682877","30.094220196077736958436492726382090065835717772029296300035184"
5,3,2,2,"-38.824596932331935688486502238886147003143919141809071279396547","-78.95022386032785257219","40.1256269279959168837"
5,3,2,3,"-38.824596932331935688486502238886147003143919141809071279396547","-DirectedInfinity-","-DirectedInfinity-"
5,3,2,4,"-38.824596932331935688486502238886147003143919141809071279396547","-DirectedInfinity-","-DirectedInfinity-"
5,3,2,5,"-38.824596932331935688486502238886147003143919141809071279396547","-DirectedInfinity-","-DirectedInfinity-"
5,3,3,0,"-38.824596932331935688486502238886147003143919141809071279396547","0.e-99","38.824596932331935688486502238886147003143919141809071279396547"
5,3,3,1,"-38.824596932331935688486502238886147003143919141809071279396547","-11.238228419334491899032782959686508680083944774692301007831330287119646118407238976615385","27.586368512997443789453719279199638323059974367116770271565216"
5,3,3,2,"-38.824596932331935688486502238886147003143919141809071279396547","-DirectedInfinity-","-DirectedInfinity-"
5,3,3,3,"-38.824596932331935688486502238886147003143919141809071279396547","-DirectedInfinity-","-DirectedInfinity-"
5,3,3,4,"-38.824596932331935688486502238886147003143919141809071279396547","-DirectedInfinity-","-DirectedInfinity-"
5,3,3,5,"-38.824596932331935688486502238886147003143919141809071279396547","-DirectedInfinity-","-DirectedInfinity-"
5,4,1,0,"-78.95022386032785257219","0.e-99","78.95022386032785257219"
5,4,1,1,"-78.95022386032785257219","-6.22252502731813056100796231906850480299015295748752215781608454661332256431321985532784719047","72.72769883300972201118"
5,4,1,2,"-78.95022386032785257219","-43.8403002983314252989490323805874770068830059402441448199","35.10992356199642727324"
5,4,1,3,"-78.95022386032785257219","-DirectedInfinity-","-DirectedInfinity-"
5,4,1,4,"-78.95022386032785257219","-DirectedInfinity-","-DirectedInfinity-"
5,4,1,5,"-78.95022386032785257219","-DirectedInfinity-","-DirectedInfinity-"
5,4,2,0,"-78.95022386032785257219","0.e-99","78.95022386032785257219"
5,4,2,1,"-78.95022386032785257219","-8.730376736254198730050009512504056937308201369779774979361363130903666277927811845546682877","70.21984712407365384214"
5,4,2,2,"-78.95022386032785257219","-78.95022386032785257219","0.e-19"
5,4,2,3,"-78.95022386032785257219","-DirectedInfinity-","-DirectedInfinity-"
5,4,2,4,"-78.95022386032785257219","-DirectedInfinity-","-DirectedInfinity-"
5,4,2,5,"-78.95022386032785257219","-DirectedInfinity-","-DirectedInfinity-"
5,4,3,0,"-78.95022386032785257219","0.e-99","78.95022386032785257219"
5,4,3,1,"-78.95022386032785257219","-11.238228419334491899032782959686508680083944774692301007831330287119646118407238976615385","67.71199544099336067315"
5,4,3,2,"-78.95022386032785257219","-DirectedInfinity-","-DirectedInfinity-"
5,4,3,3,"-78.95022386032785257219","-DirectedInfinity-","-DirectedInfinity-"
5,4,3,4,"-78.95022386032785257219","-DirectedInfinity-","-DirectedInfinity-"
5,4,3,5,"-78.95022386032785257219","-DirectedInfinity-","-DirectedInfinity-"
5,5,1,0,"-DirectedInfinity-","0.e-99","-DirectedInfinity-"
5,5,1,1,"-DirectedInfinity-","-6.22252502731813056100796231906850480299015295748752215781608454661332256431321985532784719047","-DirectedInfinity-"
5,5,1,2,"-DirectedInfinity-","-43.8403002983314252989490323805874770068830059402441448199","-DirectedInfinity-"
5,5,1,3,"-DirectedInfinity-","-DirectedInfinity-","Indeterminate"
5,5,1,4,"-DirectedInfinity-","-DirectedInfinity-","Indeterminate"
5,5,1,5,"-DirectedInfinity-","-DirectedInfinity-","Indeterminate"
5,5,2,0,"-DirectedInfinity-","0.e-99","-DirectedInfinity-"
5,5,2,1,"-DirectedInfinity-","-8.730376736254198730050009512504056937308201369779774979361363130903666277927811845546682877","-DirectedInfinity-"
5,5,2,2,"-DirectedInfinity-","-78.95022386032785257219","-DirectedInfinity-"
5,5,2,3,"-DirectedInfinity-","-DirectedInfinity-","Indeterminate"
5,5,2,4,"-DirectedInfinity-","-DirectedInfinity-","Indeterminate"
5,5,2,5,"-DirectedInfinity-","-DirectedInfinity-","Indeterminate"
5,5,3,0,"-DirectedInfinity-","0.e-99","-DirectedInfinity-"
5,5,3,1,"-DirectedInfinity-","-11.238228419334491899032782959686508680083944774692301007831330287119646118407238976615385","-DirectedInfinity-"
5,5,3,2,"-DirectedInfinity-","-DirectedInfinity-","Indeterminate"
5,5,3,3,"-DirectedInfinity-","-DirectedInfinity-","Indeterminate"
5,5,3,4,"-DirectedInfinity-","-DirectedInfinity-","Indeterminate"
5,5,3,5,"-DirectedInfinity-","-DirectedInfinity-","Indeterminate"
5,6,1,0,"-DirectedInfinity-","0.e-99","-DirectedInfinity-"
5,6,1,1,"-DirectedInfinity-","-6.22252502731813056100796231906850480299015295748752215781608454661332256431321985532784719047","-DirectedInfinity-"
5,6,1,2,"-DirectedInfinity-","-43.8403002983314252989490323805874770068830059402441448199","-DirectedInfinity-"
5,6,1,3,"-DirectedInfinity-","-DirectedInfinity-","Indeterminate"
5,6,1,4,"-DirectedInfinity-","-DirectedInfinity-","Indeterminate"
5,6,1,5,"-DirectedInfinity-","-DirectedInfinity-","Indeterminate"
5,6,2,0,"-DirectedInfinity-","0.e-99","-DirectedInfinity-"
5,6,2,1,"-DirectedInfinity-","-8.730376736254198730050009512504056937308201369779774979361363130903666277927811845546682877","-DirectedInfinity-"
5,6,2,2,"-DirectedInfinity-","-78.95022386032785257219","-DirectedInfinity-"
5,6,2,3,"-DirectedInfinity-","-DirectedInfinity-","Indeterminate"
5,6,2,4,"-DirectedInfinity-","-DirectedInfinity-","Indeterminate"
5,6,2,5,"-DirectedInfinity-","-DirectedInfinity-","Indeterminate"
5,6,3,0,"-DirectedInfinity-","0.e-99","-DirectedInfinity-"
5,6,3,1,"-DirectedInfinity-","-11.238228419334491899032782959686508680083944774692301007831330287119646118407238976615385","-DirectedInfinity-"
5,6,3,2,"-DirectedInfinity-","-DirectedInfinity-","Indeterminate"
5,6,3,3,"-DirectedInfinity-","-DirectedInfinity-","Indeterminate"
5,6,3,4,"-DirectedInfinity-","-DirectedInfinity-","Indeterminate"
5,6,3,5,"-DirectedInfinity-","-DirectedInfinity-","Indeterminate"
5,7,1,0,"-DirectedInfinity-","0.e-99","-DirectedInfinity-"
5,7,1,1,"-DirectedInfinity-","-6.22252502731813056100796231906850480299015295748752215781608454661332256431321985532784719047","-DirectedInfinity-"
5,7,1,2,"-DirectedInfinity-","-43.8403002983314252989490323805874770068830059402441448199","-DirectedInfinity-"
5,7,1,3,"-DirectedInfinity-","-DirectedInfinity-","Indeterminate"
5,7,1,4,"-DirectedInfinity-","-DirectedInfinity-","Indeterminate"
5,7,1,5,"-DirectedInfinity-","-DirectedInfinity-","Indeterminate"
5,7,2,0,"-DirectedInfinity-","0.e-99","-DirectedInfinity-"
5,7,2,1,"-DirectedInfinity-","-8.730376736254198730050009512504056937308201369779774979361363130903666277927811845546682877","-DirectedInfinity-"
5,7,2,2,"-DirectedInfinity-","-78.95022386032785257219","-DirectedInfinity-"
5,7,2,3,"-DirectedInfinity-","-DirectedInfinity-","Indeterminate"
5,7,2,4,"-DirectedInfinity-","-DirectedInfinity-","Indeterminate"
5,7,2,5,"-DirectedInfinity-","-DirectedInfinity-","Indeterminate"
5,7,3,0,"-DirectedInfinity-","0.e-99","-DirectedInfinity-"
5,7,3,1,"-DirectedInfinity-","-11.238228419334491899032782959686508680083944774692301007831330287119646118407238976615385","-DirectedInfinity-"
5,7,3,2,"-DirectedInfinity-","-DirectedInfinity-","Indeterminate"
5,7,3,3,"-DirectedInfinity-","-DirectedInfinity-","Indeterminate"
5,7,3,4,"-DirectedInfinity-","-DirectedInfinity-","Indeterminate"
5,7,3,5,"-DirectedInfinity-","-DirectedInfinity-","Indeterminate"
5,8,1,0,"-DirectedInfinity-","0.e-99","-DirectedInfinity-"
5,8,1,1,"-DirectedInfinity-","-6.22252502731813056100796231906850480299015295748752215781608454661332256431321985532784719047","-DirectedInfinity-"
5,8,1,2,"-DirectedInfinity-","-43.8403002983314252989490323805874770068830059402441448199","-DirectedInfinity-"
5,8,1,3,"-DirectedInfinity-","-DirectedInfinity-","Indeterminate"
5,8,1,4,"-DirectedInfinity-","-DirectedInfinity-","Indeterminate"
5,8,1,5,"-DirectedInfinity-","-DirectedInfinity-","Indeterminate"
5,8,2,0,"-DirectedInfinity-","0.e-99","-DirectedInfinity-"
5,8,2,1,"-DirectedInfinity-","-8.730376736254198730050009512504056937308201369779774979361363130903666277927811845546682877","-DirectedInfinity-"
5,8,2,2,"-DirectedInfinity-","-78.95022386032785257219","-DirectedInfinity-"
5,8,2,3,"-DirectedInfinity-","-DirectedInfinity-","Indeterminate"
5,8,2,4,"-DirectedInfinity-","-DirectedInfinity-","Indeterminate"
5,8,2,5,"-DirectedInfinity-","-DirectedInfinity-","Indeterminate"
5,8,3,0,"-DirectedInfinity-","0.e-99","-DirectedInfinity-"
5,8,3,1,"-DirectedInfinity-","-11.238228419334491899032782959686508680083944774692301007831330287119646118407238976615385","-DirectedInfinity-"
5,8,3,2,"-DirectedInfinity-","-DirectedInfinity-","Indeterminate"
5,8,3,3,"-DirectedInfinity-","-DirectedInfinity-","Indeterminate"
5,8,3,4,"-DirectedInfinity-","-DirectedInfinity-","Indeterminate"
5,8,3,5,"-DirectedInfinity-","-DirectedInfinity-","Indeterminate"
13,1,1,0,"-23.190192133906037136901369405650858790857454565215259340448367506990101989974","-1.3979400086720376095725222105510139464636202370757829173791450777457836214511509810261454957636277","21.792252125233999527328847195099844844393834328139476423069222429244318368523"
13,1,1,1,"-23.190192133906037136901369405650858790857454565215259340448367506990101989974","-16.963643264520828062585909713963224189411326491007416352490806168766358882984163138","6.22654886938520907431545969168763460144612807420784298795756133822374310699"
13,1,1,2,"-23.190192133906037136901369405650858790857454565215259340448367506990101989974","-DirectedInfinity-","-DirectedInfinity-"
13,1,1,3,"-23.190192133906037136901369405650858790857454565215259340448367506990101989974","-DirectedInfinity-","-DirectedInfinity-"
13,1,1,4,"-23.190192133906037136901369405650858790857454565215259340448367506990101989974","-DirectedInfinity-","-DirectedInfinity-"
13,1,1,5,"-23.190192133906037136901369405650858790857454565215259340448367506990101989974","-DirectedInfinity-","-DirectedInfinity-"
13,1,2,0,"-23.190192133906037136901369405650858790857454565215259340448367506990101989974","-1.3979400086720376095725222105510139464636202370757829173791450777457836214511509810261454957636277","21.792252125233999527328847195099844844393834328139476423069222429244318368523"
13,1,2,1,"-23.190192133906037136901369405650858790857454565215259340448367506990101989974","-23.190192133906037136901369405650858790857454565215259340448367506990101989974","0.e-75"
13,1,2,2,"-23.190192133906037136901369405650858790857454565215259340448367506990101989974","-DirectedInfinity-","-DirectedInfinity-"
13,1,2,3,"-23.190192133906037136901369405650858790857454565215259340448367506990101989974","-DirectedInfinity-","-DirectedInfinity-"
13,1,2,4,"-23.190192133906037136901369405650858790857454565215259340448367506990101989974","-DirectedInfinity-","-DirectedInfinity-"
13,1,2,5,"-23.190192133906037136901369405650858790857454565215259340448367506990101989974","-DirectedInfinity-","-DirectedInfinity-"
13,1,3,0,"-23.190192133906037136901369405650858790857454565215259340448367506990101989974","-1.3979400086720376095725222105510139464636202370757829173791450777457836214511509810261454957636277","21.792252125233999527328847195099844844393834328139476423069222429244318368523"
13,1,3,1,"-23.190192133906037136901369405650858790857454565215259340448367506990101989974","-29.416741003291246211035207628661359402237202287851305553915199634087914","6.226548869385209074133838223010500611379747722636046213466832127097812"
13,1,3,2,"-23.190192133906037136901369405650858790857454565215259340448367506990101989974","-DirectedInfinity-","-DirectedInfinity-"
13,1,3,3,"-23.190192133906037136901369405650858790857454565215259340448367506990101989974","-DirectedInfinity-","-DirectedInfinity-"
13,1,3,4,"-23.190192133906037136901369405650858790857454565215259340448367506990101989974","-DirectedInfinity-","-DirectedInfinity-"
13,1,3,5,"-23.190192133906037136901369405650858790857454565215259340448367506990101989974","-DirectedInfinity-","-DirectedInfinity-"
13,2,1,0,"-48.09638761144687343343672197429306610826286761568273","-1.3979400086720376095725222105510139464636202370757829173791450777457836214511509810261454957636277","46.69844760277483582386419976374205216179924737860694"
13,2,1,1,"-48.09638761144687343343672197429306610826286761568273","-16.963643264520828062585909713963224189411326491007416352490806168766358882984163138","31.13274434692604537085081226032984191885154112467531"
13,2,1,2,"-48.09638761144687343343672197429306610826286761568273","-DirectedInfinity-","-DirectedInfinity-"
13,2,1,3,"-48.09638761144687343343672197429306610826286761568273","-DirectedInfinity-","-DirectedInfinity-"
13,2,1,4,"-48.09638761144687343343672197429306610826286761568273","-DirectedInfinity-","-DirectedInfinity-"
13,2,1,5,"-48.09638761144687343343672197429306610826286761568273","-DirectedInfinity-","-DirectedInfinity-"
13,2,2,0,"-48.09638761144687343343672197429306610826286761568273","-1.3979400086720376095725222105510139464636202370757829173791450777457836214511509810261454957636277","46.69844760277483582386419976374205216179924737860694"
13,2,2,1,"-48.09638761144687343343672197429306610826286761568273","-23.190192133906037136901369405650858790857454565215259340448367506990101989974","24.90619547754083629653535256864220731740541305046747"
13,2,2,2,"-48.09638761144687343343672197429306610826286761568273","-DirectedInfinity-","-DirectedInfinity-"
13,2,2,3,"-48.09638761144687343343672197429306610826286761568273","-DirectedInfinity-","-DirectedInfinity-"
13,2,2,4,"-48.09638761144687343343672197429306610826286761568273","-DirectedInfinity-","-DirectedInfinity-"
13,2,2,5,"-48.09638761144687343343672197429306610826286761568273","-DirectedInfinity-","-DirectedInfinity-"
13,2,3,0,"-48.09638761144687343343672197429306610826286761568273","-1.3979400086720376095725222105510139464636202370757829173791450777457836214511509810261454957636277","46.69844760277483582386419976374205216179924737860694"
13,2,3,1,"-48.09638761144687343343672197429306610826286761568273","-29.416741003291246211035207628661359402237202287851305553915199634087914","18.67964660815562722240151434563170670602566532783142"
13,2,3,2,"-48.09638761144687343343672197429306610826286761568273","-DirectedInfinity-","-DirectedInfinity-"
13,2,3,3,"-48.09638761144687343343672197429306610826286761568273","-DirectedInfinity-","-DirectedInfinity-"
13,2,3,4,"-48.09638761144687343343672197429306610826286761568273","-DirectedInfinity-","-DirectedInfinity-"
13,2,3,5,"-48.09638761144687343343672197429306610826286761568273","-DirectedInfinity-","-DirectedInfinity-"
13,3,1,0,"-98.","-1.3979400086720376095725222105510139464636202370757829173791450777457836214511509810261454957636277","97."
13,3,1,1,"-98.","-16.963643264520828062585909713963224189411326491007416352490806168766358882984163138","81."
13,3,1,2,"-98.","-DirectedInfinity-","-DirectedInfinity-"
13,3,1,3,"-98.","-DirectedInfinity-","-DirectedInfinity-"
13,3,1,4,"-98.","-DirectedInfinity-","-DirectedInfinity-"
13,3,1,5,"-98.","-DirectedInfinity-","-DirectedInfinity-"
13,3,2,0,"-98.","-1.3979400086720376095725222105510139464636202370757829173791450777457836214511509810261454957636277","97."
13,3,2,1,"-98.","-23.190192133906037136901369405650858790857454565215259340448367506990101989974","75."
13,3,2,2,"-98.","-DirectedInfinity-","-DirectedInfinity-"
13,3,2,3,"-98.","-DirectedInfinity-","-DirectedInfinity-"
13,3,2,4,"-98.","-DirectedInfinity-","-DirectedInfinity-"
13,3,2,5,"-98.","-DirectedInfinity-","-DirectedInfinity-"
13,3,3,0,"-98.","-1.3979400086720376095725222105510139464636202370757829173791450777457836214511509810261454957636277","97."
13,3,3,1,"-98.","-29.416741003291246211035207628661359402237202287851305553915199634087914","68."
13,3,3,2,"-98.","-DirectedInfinity-","-DirectedInfinity-"
13,3,3,3,"-98.","-DirectedInfinity-","-DirectedInfinity-"
13,3,3,4,"-98.","-DirectedInfinity-","-DirectedInfinity-"
13,3,3,5,"-98.","-DirectedInfinity-","-DirectedInfinity-"
13,4,1,0,"-DirectedInfinity-","-1.3979400086720376095725222105510139464636202370757829173791450777457836214511509810261454957636277","-DirectedInfinity-"
13,4,1,1,"-DirectedInfinity-","-16.963643264520828062585909713963224189411326491007416352490806168766358882984163138","-DirectedInfinity-"
13,4,1,2,"-DirectedInfinity-","-DirectedInfinity-","Indeterminate"
13,4,1,3,"-DirectedInfinity-","-DirectedInfinity-","Indeterminate"
13,4,1,4,"-DirectedInfinity-","-DirectedInfinity-","Indeterminate"
13,4,1,5,"-DirectedInfinity-","-DirectedInfinity-","Indeterminate"
13,4,2,0,"-DirectedInfinity-","-1.3979400086720376095725222105510139464636202370757829173791450777457836214511509810261454957636277","-DirectedInfinity-"
13,4,2,1,"-DirectedInfinity-","-23.190192133906037136901369405650858790857454565215259340448367506990101989974","-DirectedInfinity-"
13,4,2,2,"-DirectedInfinity-","-DirectedInfinity-","Indeterminate"
13,4,2,3,"-DirectedInfinity-","-DirectedInfinity-","Indeterminate"
13,4,2,4,"-DirectedInfinity-","-DirectedInfinity-","Indeterminate"
13,4,2,5,"-DirectedInfinity-","-DirectedInfinity-","Indeterminate"
13,4,3,0,"-DirectedInfinity-","-1.3979400086720376095725222105510139464636202370757829173791450777457836214511509810261454957636277","-DirectedInfinity-"
13,4,3,1,"-DirectedInfinity-","-29.416741003291246211035207628661359402237202287851305553915199634087914","-DirectedInfinity-"
13,4,3,2,"-DirectedInfinity-","-DirectedInfinity-","Indeterminate"
13,4,3,3,"-DirectedInfinity-","-DirectedInfinity-","Indeterminate"
13,4,3,4,"-DirectedInfinity-","-DirectedInfinity-","Indeterminate"
13,4,3,5,"-DirectedInfinity-","-DirectedInfinity-","Indeterminate"
13,5,1,0,"-DirectedInfinity-","-1.3979400086720376095725222105510139464636202370757829173791450777457836214511509810261454957636277","-DirectedInfinity-"
13,5,1,1,"-DirectedInfinity-","-16.963643264520828062585909713963224189411326491007416352490806168766358882984163138","-DirectedInfinity-"
13,5,1,2,"-DirectedInfinity-","-DirectedInfinity-","Indeterminate"
13,5,1,3,"-DirectedInfinity-","-DirectedInfinity-","Indeterminate"
13,5,1,4,"-DirectedInfinity-","-DirectedInfinity-","Indeterminate"
13,5,1,5,"-DirectedInfinity-","-DirectedInfinity-","Indeterminate"
13,5,2,0,"-DirectedInfinity-","-1.3979400086720376095725222105510139464636202370757829173791450777457836214511509810261454957636277","-DirectedInfinity-"
13,5,2,1,"-DirectedInfinity-","-23.190192133906037136901369405650858790857454565215259340448367506990101989974","-DirectedInfinity-"
13,5,2,2,"-DirectedInfinity-","-DirectedInfinity-","Indeterminate"
13,5,2,3,"-DirectedInfinity-","-DirectedInfinity-","Indeterminate"
13,5,2,4,"-DirectedInfinity-","-DirectedInfinity-","Indeterminate"
13,5,2,5,"-DirectedInfinity-","-DirectedInfinity-","Indeterminate"
13,5,3,0,"-DirectedInfinity-","-1.3979400086720376095725222105510139464636202370757829173791450777457836214511509810261454957636277","-DirectedInfinity-"
13,5,3,1,"-DirectedInfinity-","-29.416741003291246211035207628661359402237202287851305553915199634087914","-DirectedInfinity-"
13,5,3,2,"-DirectedInfinity-","-DirectedInfinity-","Indeterminate"
13,5,3,3,"-DirectedInfinity-","-DirectedInfinity-","Indeterminate"
13,5,3,4,"-DirectedInfinity-","-DirectedInfinity-","Indeterminate"
13,5,3,5,"-DirectedInfinity-","-DirectedInfinity-","Indeterminate"
13,6,1,0,"-DirectedInfinity-","-1.3979400086720376095725222105510139464636202370757829173791450777457836214511509810261454957636277","-DirectedInfinity-"
13,6,1,1,"-DirectedInfinity-","-16.963643264520828062585909713963224189411326491007416352490806168766358882984163138","-DirectedInfinity-"
13,6,1,2,"-DirectedInfinity-","-DirectedInfinity-","Indeterminate"
13,6,1,3,"-DirectedInfinity-","-DirectedInfinity-","Indeterminate"
13,6,1,4,"-DirectedInfinity-","-DirectedInfinity-","Indeterminate"
13,6,1,5,"-DirectedInfinity-","-DirectedInfinity-","Indeterminate"
13,6,2,0,"-DirectedInfinity-","-1.3979400086720376095725222105510139464636202370757829173791450777457836214511509810261454957636277","-DirectedInfinity-"
13,6,2,1,"-DirectedInfinity-","-23.190192133906037136901369405650858790857454565215259340448367506990101989974","-DirectedInfinity-"
13,6,2,2,"-DirectedInfinity-","-DirectedInfinity-","Indeterminate"
13,6,2,3,"-DirectedInfinity-","-DirectedInfinity-","Indeterminate"
13,6,2,4,"-DirectedInfinity-","-DirectedInfinity-","Indeterminate"
13,6,2,5,"-DirectedInfinity-","-DirectedInfinity-","Indeterminate"
13,6,3,0,"-DirectedInfinity-","-1.3979400086720376095725222105510139464636202370757829173791450777457836214511509810261454957636277","-DirectedInfinity-"
13,6,3,1,"-DirectedInfinity-","-29.416741003291246211035207628661359402237202287851305553915199634087914","-DirectedInfinity-"
13,6,3,2,"-DirectedInfinity-","-DirectedInfinity-","Indeterminate"
13,6,3,3,"-DirectedInfinity-","-DirectedInfinity-","Indeterminate"
13,6,3,4,"-DirectedInfinity-","-DirectedInfinity-","Indeterminate"
13,6,3,5,"-DirectedInfinity-","-DirectedInfinity-","Indeterminate"
13,7,1,0,"-DirectedInfinity-","-1.3979400086720376095725222105510139464636202370757829173791450777457836214511509810261454957636277","-DirectedInfinity-"
13,7,1,1,"-DirectedInfinity-","-16.963643264520828062585909713963224189411326491007416352490806168766358882984163138","-DirectedInfinity-"
13,7,1,2,"-DirectedInfinity-","-DirectedInfinity-","Indeterminate"
13,7,1,3,"-DirectedInfinity-","-DirectedInfinity-","Indeterminate"
13,7,1,4,"-DirectedInfinity-","-DirectedInfinity-","Indeterminate"
13,7,1,5,"-DirectedInfinity-","-DirectedInfinity-","Indeterminate"
13,7,2,0,"-DirectedInfinity-","-1.3979400086720376095725222105510139464636202370757829173791450777457836214511509810261454957636277","-DirectedInfinity-"
13,7,2,1,"-DirectedInfinity-","-23.190192133906037136901369405650858790857454565215259340448367506990101989974","-DirectedInfinity-"
13,7,2,2,"-DirectedInfinity-","-DirectedInfinity-","Indeterminate"
13,7,2,3,"-DirectedInfinity-","-DirectedInfinity-","Indeterminate"
13,7,2,4,"-DirectedInfinity-","-DirectedInfinity-","Indeterminate"
13,7,2,5,"-DirectedInfinity-","-DirectedInfinity-","Indeterminate"
13,7,3,0,"-DirectedInfinity-","-1.3979400086720376095725222105510139464636202370757829173791450777457836214511509810261454957636277","-DirectedInfinity-"
13,7,3,1,"-DirectedInfinity-","-29.416741003291246211035207628661359402237202287851305553915199634087914","-DirectedInfinity-"
13,7,3,2,"-DirectedInfinity-","-DirectedInfinity-","Indeterminate"
13,7,3,3,"-DirectedInfinity-","-DirectedInfinity-","Indeterminate"
13,7,3,4,"-DirectedInfinity-","-DirectedInfinity-","Indeterminate"
13,7,3,5,"-DirectedInfinity-","-DirectedInfinity-","Indeterminate"
13,8,1,0,"-DirectedInfinity-","-1.3979400086720376095725222105510139464636202370757829173791450777457836214511509810261454957636277","-DirectedInfinity-"
13,8,1,1,"-DirectedInfinity-","-16.963643264520828062585909713963224189411326491007416352490806168766358882984163138","-DirectedInfinity-"
13,8,1,2,"-DirectedInfinity-","-DirectedInfinity-","Indeterminate"
13,8,1,3,"-DirectedInfinity-","-DirectedInfinity-","Indeterminate"
13,8,1,4,"-DirectedInfinity-","-DirectedInfinity-","Indeterminate"
13,8,1,5,"-DirectedInfinity-","-DirectedInfinity-","Indeterminate"
13,8,2,0,"-DirectedInfinity-","-1.3979400086720376095725222105510139464636202370757829173791450777457836214511509810261454957636277","-DirectedInfinity-"
13,8,2,1,"-DirectedInfinity-","-23.190192133906037136901369405650858790857454565215259340448367506990101989974","-DirectedInfinity-"
13,8,2,2,"-DirectedInfinity-","-DirectedInfinity-","Indeterminate"
13,8,2,3,"-DirectedInfinity-","-DirectedInfinity-","Indeterminate"
13,8,2,4,"-DirectedInfinity-","-DirectedInfinity-","Indeterminate"
13,8,2,5,"-DirectedInfinity-","-DirectedInfinity-","Indeterminate"
13,8,3,0,"-DirectedInfinity-","-1.3979400086720376095725222105510139464636202370757829173791450777457836214511509810261454957636277","-DirectedInfinity-"
13,8,3,1,"-DirectedInfinity-","-29.416741003291246211035207628661359402237202287851305553915199634087914","-DirectedInfinity-"
13,8,3,2,"-DirectedInfinity-","-DirectedInfinity-","Indeterminate"
13,8,3,3,"-DirectedInfinity-","-DirectedInfinity-","Indeterminate"
13,8,3,4,"-DirectedInfinity-","-DirectedInfinity-","Indeterminate"
13,8,3,5,"-DirectedInfinity-","-DirectedInfinity-","Indeterminate"
